{
  "app.py": 1776323838.629183,
  "core\\db_logger.py": 1775802894.7820265,
  "core\\llm_client.py": 1775921896.6012516,
  "core\\pair_runner.py": 1776152780.5097103,
  "core\\payload.py": 1775921904.3005452,
  "core\\pipeline.py": 1776169823.4385252,
  "core\\__init__.py": 1775802869.65079,
  "docs\\inspiration\\airs_sdk_server.py": 1775476063.0007987,
  "docs\\inspiration\\canary_server.py": 1775476063.0018032,
  "docs\\inspiration\\AIRS-SDK\\prisma_airs_sdk-detector.py": 1776314174.9918945,
  "docs\\inspiration\\AIRS-SDK\\prisma_airs_sdk_enforced.py": 1776314183.8824568,
  "gates\\base_gate.py": 1775810691.189594,
  "gates\\cloud_gates.py": 1776315795.3287354,
  "gates\\local_scanners.py": 1776252742.8063056,
  "gates\\ollama_gates.py": 1776254675.2339294,
  "gates\\regex_gate.py": 1775816205.1356108,
  "gates\\__init__.py": 1775810669.1265068,
  "hooks\\agentic_guard.py": 1776230937.4359765,
  "tests\\conftest.py": 1775922441.277765,
  "tests\\test_gates.py": 1775888501.9834695,
  "tests\\test_pipeline.py": 1775883170.1409776,
  "tests\\__init__.py": 1775882811.3824308,
  "ui\\agentic_view.py": 1776323848.9450848,
  "ui\\chat_view.py": 1776501511.519212,
  "ui\\gate_info.py": 1776314959.3261855,
  "ui\\howto_view.py": 1776323855.4880264,
  "ui\\metrics_panel.py": 1776501505.0417354,
  "ui\\redteam_view.py": 1776501498.3041706,
  "ui\\__init__.py": 1775803470.9230368,
  "CLAUDE.md": 1777086988.6500106,
  "CONTRIBUTING.md": 1775802272.7521558,
  "plan.md": 1776323887.483996,
  "README.md": 1776324206.5586488,
  "requirements.txt": 1776256841.7237525,
  "SECURITY.md": 1775802254.7497513,
  "data\\rag\\bank_policy_poisoning.md": 1776499537.5681303,
  "data\\rag\\company_directory_backdoor.md": 1776499553.031907,
  "data\\rag\\helpdesk_faq_poisoning.md": 1776499544.5685673,
  "data\\rag\\medical_records_pii.md": 1776500005.0892992,
  "data\\rag\\RAG_Data_UPI_FAQ_Dataset.md": 1776174709.1459231,
  "docs\\QUICKSTART.md": 1776324717.513857,
  "docs\\agentic\\ADVERSARIAL.md": 1776323894.6186562,
  "docs\\agentic\\ARCHITECTURE.md": 1776323890.7178836,
  "docs\\agentic\\CHANGELOG.md": 1776323892.2769277,
  "docs\\agentic\\CODING_AGENT_GUARD_V2_PLAN.md": 1776327605.9951873,
  "docs\\agentic\\PLAYGROUND.md": 1776323898.2838855,
  "docs\\chat-workbench\\ADVERSARIAL.md": 1775893498.9945436,
  "docs\\chat-workbench\\ARCHITECTURE.md": 1775893498.9599614,
  "docs\\chat-workbench\\PLAN-center-panel-simplification.md": 1776234056.7976897,
  "docs\\chat-workbench\\PLAYGROUND.md": 1775893498.9774816,
  "docs\\inspiration\\8b-model-scanning+PAIR.html": 1776144846.5958412,
  "docs\\inspiration\\CHANGELOG-gates-cloud-layer.md": 1776315246.4670262,
  "docs\\inspiration\\CHANGELOG-gates-llm-judge-layer.md": 1776314121.8804731,
  "docs\\inspiration\\CHANGELOG-gates-ml-layer.md": 1776252857.9522479,
  "docs\\inspiration\\GATE-AIRS-MODEL-SECURITY.md": 1776248706.3547494,
  "docs\\inspiration\\GATE-AIRS.md": 1776250518.9711246,
  "docs\\inspiration\\GATE-LITTLE-CANARY.md": 1776248660.9808378,
  "docs\\inspiration\\GATE-LLM-GUARD.md": 1776248738.983854,
  "docs\\inspiration\\GATE-PLAN.md": 1776315165.8363564,
  "docs\\inspiration\\GATE-SEMANTIC-GUARD.md": 1776248628.132651,
  "docs\\inspiration\\PLAN-pipeline-reference-ui.md": 1776317803.6891625,
  "docs\\inspiration\\AIRS-SDK\\AIRS-Sample-API-Responses\\README.md": 1772909986.704864,
  "docs\\redteam\\ARCHITECTURE.md": 1776231948.6420927,
  "docs\\redteam\\PLAYGROUND.md": 1776232291.3091085,
  "docs\\ui\\TELEMETRY_PLAN.md": 1776233991.413492
}